title,director,stars,genres,rating,year
Toy Story (1995),Stephanie Shaffer,"Chad Wall, Stacey Ritter, Christian Chapman",Adventure|Animation|Children|Comedy|Fantasy,10,1995
Jumanji (1995),Christopher Brown,"Connie Hodges, Gregory Henderson, Kyle Perez",Adventure|Children|Fantasy,4,1995
Grumpier Old Men (1995),Matthew Tyler,"Janice Jordan, Carla Freeman, Ronald Zimmerman",Comedy|Romance,3,1995
Waiting to Exhale (1995),Robert Carter,"Stephanie Austin, Philip Gonzales, Jo Martin",Comedy|Drama|Romance,3,1995
Father of the Bride Part II (1995),Jessica Holland,"Mr. Edwin Zimmerman, Sharon Conrad, Scott Duncan",Comedy,2,1995
Heat (1995),Sara Hart,"Elizabeth Coffey, Robert Gibson, Zachary Barker",Action|Crime|Thriller,10,1995
Sabrina (1995),Alexa Haas,"Colleen Hughes, Raymond Bryant, Terry Morales",Comedy|Romance,4,1995
Tom and Huck (1995),Sharon Adams,"Wendy Patrick, Mark Coleman, Marcus Potter",Adventure|Children,6,1995
Sudden Death (1995),Susan Randall,"Ian Cowan, James Gibson, Aaron Baker",Action,3,1995
GoldenEye (1995),Kyle Werner PhD,"Wayne Benjamin, Kimberly Rodriguez, Gail Grant",Action|Adventure|Thriller,3,1995
"American President, The (1995)",Catherine Reed,"Darren Miller, Jasmine Crosby, Jaime Jones",Comedy|Drama|Romance,2,1995
Dracula: Dead and Loving It (1995),Megan Cruz,"Rachel Santiago, Madison Warren, Dean Wilson",Comedy|Horror,8,1995
Balto (1995),Jesus Clark,"Lauren Scott, Samuel Paul, Veronica Alvarez",Adventure|Animation|Children,9,1995
Nixon (1995),David Lara,"Leslie Smith, Zachary Day, Ashley Kennedy",Drama,2,1995
Cutthroat Island (1995),Richard Cox,"Allison Hammond, Michael Jensen, Kenneth Hoover",Action|Adventure|Romance,6,1995
Casino (1995),Melissa Lewis,"Kenneth Nguyen, Brian Obrien, Lori Walker",Crime|Drama,7,1995
Sense and Sensibility (1995),Melissa Johnson,"Jennifer Duncan, Patrick Green, Margaret Sharp",Drama|Romance,3,1995
Four Rooms (1995),Willie Payne,"Elizabeth Freeman, Nicholas Miller, Shane York",Comedy,2,1995
Ace Ventura: When Nature Calls (1995),Sarah Williams,"Richard Rodgers, Elizabeth Gonzalez, Paul Jones",Comedy,4,1995
Money Train (1995),Betty Campbell,"Nancy Hughes, Katherine Anderson, Christopher Wong",Action|Comedy|Crime|Drama|Thriller,8,1995
Get Shorty (1995),Scott Le,"Shelly Perez, Dean Cardenas, Heather Hinton",Comedy|Crime|Thriller,10,1995
Copycat (1995),Christy Davis,"David Choi, Thomas Johnson, Amanda Watson",Crime|Drama|Horror|Mystery|Thriller,6,1995
Assassins (1995),Jason Kim,"Sarah Edwards, Matthew Potter, Keith Hull",Action|Crime|Thriller,1,1995
Powder (1995),Timothy Hill,"Mark Shelton, Robin Duffy, Sandy Mitchell",Drama|Sci-Fi,7,1995
Leaving Las Vegas (1995),Phillip Reyes,"Mark James, Benjamin Barker, Rebecca Chavez",Drama|Romance,4,1995
Othello (1995),Daniel Johnson,"Karen Santiago, Mason Wilson, Joshua Cooper",Drama,10,1995
Now and Then (1995),Gene Baker,"Jesse Villarreal, Alicia Smith, Jennifer Flores",Children|Drama,9,1995
Persuasion (1995),Joseph Harris,"Nicole Livingston, James Miller, Robin Franklin",Drama|Romance,1,1995
"City of Lost Children, The (Cité des enfants perdus, La) (1995)",Michael Gonzalez,"Michael Woods, Amber Tate, Nicole Perez",Adventure|Drama|Fantasy|Mystery|Sci-Fi,9,1995
Shanghai Triad (Yao a yao yao dao waipo qiao) (1995),Shannon Hill,"Sarah Robinson, Dave Jones, Alexis Ramirez",Crime|Drama,10,1995
Dangerous Minds (1995),Jocelyn Wood,"Seth Turner, Amy Gonzales, Donna Decker",Drama,6,1995
Twelve Monkeys (a.k.a. 12 Monkeys) (1995),Curtis King,"Kimberly Freeman, Ms. Jessica Bennett, William Moran",Mystery|Sci-Fi|Thriller,9,1995
Wings of Courage (1995),Eric Hernandez,"Katherine Mcclure, Melissa Thompson, Yvonne Ford",Adventure|Romance|IMAX,5,1995
Babe (1995),Crystal Boyle,"Christopher Cannon, Monica Crane, Todd Marshall",Children|Drama,2,1995
Carrington (1995),Stephanie Franklin,"Christopher Hughes, Madeline Lamb, Anthony Taylor DDS",Drama|Romance,3,1995
Dead Man Walking (1995),Ryan Hall,"Michael Rangel, Gary Marshall, David Jones",Crime|Drama,3,1995
Across the Sea of Time (1995),Cory Sanchez,"Jeffery Henry, Christopher Wood, Peter Johnson",Documentary|IMAX,10,1995
It Takes Two (1995),Victoria West,"Daniel Martinez, Rebecca Thomas, Valerie Ayala",Children|Comedy,4,1995
Clueless (1995),Jake Rivera,"Robin Murillo, Robert Page, Jill Lewis",Comedy|Romance,1,1995
"Cry, the Beloved Country (1995)",Cassandra Freeman DVM,"Juan Turner, Tristan Carter, Sandra Lowe",Drama,5,1995
Richard III (1995),Douglas Burnett,"Chelsea Lin, Ryan Gonzalez, Brittany Powell",Drama|War,8,1995
Dead Presidents (1995),Amy Sanchez,"Anthony Gilbert, Jessica Tucker, Susan Jones",Action|Crime|Drama,6,1995
Restoration (1995),Patrick Walker,"Michael Roberts, Stephanie Young, Jennifer Shea",Drama,10,1995
Mortal Kombat (1995),Michelle Mccullough,"Andrea Carrillo, Donna Smith, Kelly Thomas",Action|Adventure|Fantasy,7,1995
To Die For (1995),Alicia Gallagher,"Antonio Barton DVM, Kathleen Stanley, Samuel Rodriguez",Comedy|Drama|Thriller,1,1995
How to Make an American Quilt (1995),Renee Hunt,"Kim Miller, Laura Perez, Clayton Dixon",Drama|Romance,7,1995
Seven (a.k.a. Se7en) (1995),Erin Barnett,"Andrew James, Kelly Ashley, Anthony Smith",Mystery|Thriller,6,1995
Pocahontas (1995),Eugene Martinez,"Joshua Stokes, Alicia Robbins, Jasmine Steele",Animation|Children|Drama|Musical|Romance,7,1995
When Night Is Falling (1995),Christopher Green,"Daniel Anderson, Grant Shepard, Tommy Manning",Drama|Romance,10,1995
"Usual Suspects, The (1995)",Joshua Richardson,"James Meyers, Katie Jackson, Daniel Gibbs",Crime|Mystery|Thriller,5,1995
Guardian Angel (1994),Debbie Walton,"Douglas Austin, Lori Johnson, Kimberly Crawford",Action|Drama|Thriller,1,1994
Mighty Aphrodite (1995),Kevin Levine,"Julie Brown, Samantha Gray, Wanda Scott",Comedy|Drama|Romance,6,1995
Lamerica (1994),Joseph Blair,"Nathan Gilbert, Stacy Massey, Katherine Pena",Adventure|Drama,4,1994
"Big Green, The (1995)",Steven Rodriguez,"Jill Washington, Traci Anderson, Taylor Wiley",Children|Comedy,3,1995
Georgia (1995),Daniel Moss,"Alexandra Johnson, Jeffrey Hansen, Jamie Morris",Drama,10,1995
Kids of the Round Table (1995),Allison Braun,"Lisa Jones, Monica Mcguire, Jordan Foster",Adventure|Children|Comedy|Fantasy,10,1995
Home for the Holidays (1995),Vicki Sweeney,"Stephanie Ferguson, Michael Taylor, Jason Johnson",Drama,3,1995
"Postman, The (Postino, Il) (1994)",Christopher Chambers,"Joseph Mendez, Steven Sexton, Matthew Wilkinson",Comedy|Drama|Romance,2,1994
"Confessional, The (Confessionnal, Le) (1995)",Cody Lang,"Paul Bray, Nicole Robles, Matthew Reynolds",Drama|Mystery,2,1995
"Indian in the Cupboard, The (1995)",Heather Perez,"Lisa Estrada, Grace Torres, Leslie Smith",Adventure|Children|Fantasy,7,1995
Eye for an Eye (1996),Penny Ramirez,"Frank Snow, Andrew Wiley, Amanda Walker",Drama|Thriller,10,1996
Mr. Holland's Opus (1995),Jennifer Gonzalez,"Veronica Cole, Brett Phillips, Lisa Powell",Drama,5,1995
Don't Be a Menace to South Central While Drinking Your Juice in the Hood (1996),Mrs. Amber Salazar,"Jonathan Dickerson, Phillip Dillon, Todd Lawrence",Comedy|Crime,3,1996
Two if by Sea (1996),Casey Townsend,"Connie Curtis, Douglas Bender, Deborah Johnson",Comedy|Romance,4,1996
Bio-Dome (1996),Ana Martinez,"Marissa Crawford, Kathleen Rowe, Michael Smith",Comedy,8,1996
Lawnmower Man 2: Beyond Cyberspace (1996),Andrew Hayes,"Mr. Colin Steele, Peter Alvarado, Anthony Mendoza",Action|Sci-Fi|Thriller,4,1996
Two Bits (1995),Jessica Pratt,"Geoffrey Flores, Jenna Bishop, Jill Larson",Drama,10,1995
French Twist (Gazon maudit) (1995),Kristy Farley,"Kristin Mosley, Sandra Morris, April Petersen",Comedy|Romance,9,1995
Friday (1995),Kristen Chang,"Deanna Orozco, Dennis Ballard, Alan Meyer",Comedy,2,1995
From Dusk Till Dawn (1996),Thomas Thomas,"Adam Walker, James Wilkins, David Silva",Action|Comedy|Horror|Thriller,5,1996
Fair Game (1995),William Casey,"Kelsey Martin, Christine Harris, Emily Day",Action,9,1995
Kicking and Screaming (1995),Marcus Harding,"Kimberly Deleon, Dylan Duncan, April Hines",Comedy|Drama,3,1995
"Misérables, Les (1995)",Duane Thomas,"Franklin Nguyen, Julia Sims, Cameron Fernandez",Drama|War,7,1995
Bed of Roses (1996),Timothy Simpson DDS,"Jerry Gardner, Steven Young, Cynthia Watson",Drama|Romance,10,1996
Big Bully (1996),Eric Liu,"Jenna Aguilar, Anita Deleon, Thomas Harris",Comedy|Drama,4,1996
Screamers (1995),John Joseph,"Sean Coleman, Melissa Ford, David Blankenship",Action|Sci-Fi|Thriller,4,1995
Nico Icon (1995),Kelly Conley,"Shannon Stanton, Jennifer Savage, Bobby Anderson",Documentary,3,1995
"Crossing Guard, The (1995)",Brandon Good,"Micheal Noble, William Hughes, Ryan Brown",Action|Crime|Drama|Thriller,9,1995
"Juror, The (1996)",Stephanie Miller,"Andrew Howard, Michael Moore, Kelly Brooks",Drama|Thriller,6,1996
"White Balloon, The (Badkonake sefid) (1995)",Peter Burns,"Lisa Cardenas, Melissa Cardenas, Scott Woods",Children|Drama,1,1995
Things to Do in Denver When You're Dead (1995),Kimberly Anderson,"Franklin Vincent, Erik Obrien, Erika Hayden",Crime|Drama|Romance,2,1995
Antonia's Line (Antonia) (1995),Nicholas Robinson,"Alyssa Williams, Jamie Morales, Brooke Simmons",Comedy|Drama,9,1995
Once Upon a Time... When We Were Colored (1995),Ebony Dougherty,"Kathleen Cole, Colin Caldwell, Deborah Costa",Drama|Romance,8,1995
Last Summer in the Hamptons (1995),Nathan Hood,"Teresa Cruz, Megan Bradshaw, Nicole Salinas",Comedy|Drama,9,1995
Angels and Insects (1995),Juan Mack,"Anthony Clayton, Christine Green, Kelsey Rodriguez",Drama|Romance,5,1995
White Squall (1996),Ashley Davis,"Dawn Miles, Michael Johnson, James Love",Action|Adventure|Drama,8,1996
Dunston Checks In (1996),Edward Davis,"Erika Spencer, Sandra Martinez, Cristian Mosley",Children|Comedy,9,1996
Black Sheep (1996),Morgan Allen,"Jeremy Shields, Matthew Allen, Megan Carter",Comedy,10,1996
Nick of Time (1995),Justin Fleming,"Megan Johnson, Kim Pittman, Patrick Castaneda",Action|Thriller,10,1995
The Journey of August King (1995),Lisa Lewis,"Jean Carter, Gerald Ross, Tamara Vargas",Drama,6,1995
Mary Reilly (1996),Alexis Edwards,"Tammy Smith, Christina Acosta, Daniel Dixon",Drama|Horror|Thriller,7,1996
Vampire in Brooklyn (1995),Brady Wallace,"Travis Santos, Justin Knapp, Tonya Nguyen",Comedy|Horror|Romance,8,1995
Beautiful Girls (1996),Jeffrey Thompson,"Steven Levy, Veronica Peck DVM, Julie Phillips",Comedy|Drama|Romance,10,1996
Broken Arrow (1996),Mark Pitts,"Carla Gray, Christopher Campbell, Kimberly Silva",Action|Adventure|Thriller,5,1996
In the Bleak Midwinter (1995),Gary Glover,"Timothy Delacruz, Christine Matthews, Veronica Tran",Comedy|Drama,10,1995
"Hate (Haine, La) (1995)",Catherine Mclaughlin,"Donald Kent, Cynthia Mendoza, Julie Franco",Crime|Drama,2,1995
Shopping (1994),Jessica Colon,"Andrew Peck, Paula Wells, Jennifer Oliver",Action|Thriller,1,1994
Heidi Fleiss: Hollywood Madam (1995),Patricia Higgins,"Melissa Berg, Kevin Miller, Scott Jones",Documentary,5,1995
City Hall (1996),Mr. Gary Calderon,"Kristi Brown, Gavin King, Natalie Miller",Drama|Thriller,9,1996
Bottle Rocket (1996),Dakota Davis,"Stephanie Holder, Guy Baker, Audrey Stevenson",Adventure|Comedy|Crime|Romance,3,1996
Mr. Wrong (1996),Kayla Carter,"Amber Berry, Colleen Gamble, Samantha Davila",Comedy,5,1996
Unforgettable (1996),Tiffany Norris,"Brian Smith, Keith Skinner, Brooke Bates",Mystery|Sci-Fi|Thriller,10,1996
Happy Gilmore (1996),Timothy Berry,"Kathleen Young, Jason Miller, Catherine Rivera",Comedy,2,1996
"Bridges of Madison County, The (1995)",Marissa Carter,"Erica Patel, Anne Larsen, Daniel Garcia",Drama|Romance,4,1995
Nobody Loves Me (Keiner liebt mich) (1994),Mitchell Goodwin,"Abigail Lawson, Michael Gray, Christina Jones",Comedy|Drama,6,1994
Muppet Treasure Island (1996),Courtney Davis,"Martin Patterson, John Mcknight, Maria Fisher",Adventure|Children|Comedy|Musical,10,1996
Catwalk (1996),Julie Mcdonald,"Hunter Brown MD, Evan Wiggins, Andrea Navarro",Documentary,4,1996
Headless Body in Topless Bar (1995),Marc Evans,"Justin Hart, Gary Henry, Aaron Barton",Comedy|Drama|Thriller,5,1995
Braveheart (1995),Joshua Vincent,"Amber Campbell, Stephanie Jones, Katherine Miller",Action|Drama|War,2,1995
Taxi Driver (1976),Michael Brown,"Lisa Thompson, Jennifer Watkins, Sergio Thomas",Crime|Drama|Thriller,3,1976
Rumble in the Bronx (Hont faan kui) (1995),Walter Green,"Terry Pham, Manuel Andrews, Norman Petersen",Action|Adventure|Comedy|Crime,3,1995
Before and After (1996),Michael Nguyen,"Jessica Blackwell, John Gonzalez, Shane Rios",Drama|Mystery,3,1996
Margaret's Museum (1995),Michael Hensley,"Mary Franklin, Gregory Wallace, Pamela Williams",Drama,6,1995
"Happiness Is in the Field (Bonheur est dans le pré, Le) (1995)",Stacy Rosales,"Roberta Estrada, Brandon Smith, Mark Mendoza",Comedy,5,1995
Anne Frank Remembered (1995),Kristy Solis,"Edward Carr, Debra Frazier, Joseph Allen",Documentary,10,1995
"Young Poisoner's Handbook, The (1995)",Michele Baldwin,"Michael Cook, Alexis Perez, Erin Edwards",Crime|Drama,3,1995
If Lucy Fell (1996),Craig Thomas,"Michele Wallace, Aaron Spencer, Joyce Scott",Comedy|Romance,10,1996
"Steal Big, Steal Little (1995)",Bryan Klein,"David Daniel, Christopher Johnson, Sally Mercer",Comedy,4,1995
Race the Sun (1996),Jason Hart,"Meredith Graves, Angela Lewis, Richard Sims",Adventure|Comedy|Drama,9,1996
"Boys of St. Vincent, The (1992)",Joy Klein,"Laura Gomez, Anthony Turner, Krystal Sullivan",Drama,4,1992
Boomerang (1992),Martha Byrd,"Annette Williams, Wanda Lyons, Kylie Anderson",Comedy|Romance,2,1992
Chungking Express (Chung Hing sam lam) (1994),Adam Sherman,"Debbie Harris, John Walker, Justin Harmon",Drama|Mystery|Romance,5,1994
"Star Maker, The (Uomo delle stelle, L') (1995)",Daniel Pope,"Misty Donaldson, Joel Holt, Jillian James",Drama,5,1995
Flirting With Disaster (1996),Eric Walters,"Michael Drake, Robin Turner, Danny Hernandez",Comedy,6,1996
"NeverEnding Story III, The (1994)",Bradley Santana,"David Hampton, Ashley Allen, Ruth Roberts",Adventure|Children|Fantasy,6,1994
"Silences of the Palace, The (Saimt el Qusur) (1994)",Ross Lopez,"Crystal Gonzales, Rebecca Santos, William Harmon",Drama,2,1994
Jupiter's Wife (1994),Shawn Thornton,"John Torres, Catherine Wallace, Jennifer Davis",Documentary,10,1994
Pie in the Sky (1996),Rebecca Rojas,"Annette Aguilar, Alexander Stephens, Katie Collins",Comedy|Romance,9,1996
Angela (1995),Christopher Owens,"Lindsey Horn, Kirsten Delgado, John Jordan",Drama,3,1995
Frankie Starlight (1995),Heather Maldonado,"Robert Wright, Robert Wood, Lauren Navarro DVM",Drama|Romance,1,1995
Jade (1995),Angela Mcdowell,"Natalie Williamson, Kyle Owen, Sara Williams",Thriller,4,1995
Nueba Yol (1995),Jeffrey Sullivan,"Brenda Williams, Mary Miller, Alejandro Martin",Comedy|Drama,7,1995
Sonic Outlaws (1995),Joseph Thomas DDS,"Matthew Andrews, Cathy Carr, Danielle Clarke",Documentary,10,1995
Down Periscope (1996),Judy Caldwell,"Lisa Howard, Shelby Smith, Kara West",Comedy,9,1996
From the Journals of Jean Seberg (1995),Joshua Perez,"Ryan Rocha, Dennis Anderson, Kimberly Cooke",Documentary,5,1995
Man of the Year (1995),Jennifer Miller,"Susan Anderson, Gloria Fleming, Joshua Taylor",Documentary,5,1995
"Neon Bible, The (1995)",Paul Gordon,"Sarah Bennett, John Fleming, Taylor Torres",Drama,8,1995
Target (1995),Stacey Charles,"Michael Cervantes, Mary Williams, Albert Glover",Action|Drama,7,1995
Up Close and Personal (1996),Stephanie Gonzalez,"Brian Rosario, Michelle Wheeler, Linda Mcgrath",Drama|Romance,3,1996
"Birdcage, The (1996)",Steven Franklin,"Susan Barnes, Rebecca Carpenter, Kimberly Navarro",Comedy,7,1996
Shadows (Cienie) (1988),Gwendolyn Anderson,"Lori Morrow, Charles Klein, Laura Gonzalez",Drama,4,1988
Gospa (1995),Elizabeth Franklin,"Mary Torres, Ivan Nixon, Molly Ritter",Drama,9,1995
"Brothers McMullen, The (1995)",Eric Wagner,"Paul Hooper, Jody Webb, Tonya Griffin",Comedy,8,1995
Bad Boys (1995),Deborah Hoffman,"Sarah Parker, Cory Hodges, Corey Smith",Action|Comedy|Crime|Drama|Thriller,4,1995
"Amazing Panda Adventure, The (1995)",Stephanie Ball,"Stephanie Moore, Katherine Garcia, Veronica Andrews",Adventure|Children,4,1995
"Basketball Diaries, The (1995)",Mark Mcclain,"Jordan Campbell, Johnathan Carter, Keith King",Drama,7,1995
"Awfully Big Adventure, An (1995)",Erica Farmer,"Sharon Green, David Roberts, Rachel Anderson",Drama,2,1995
Amateur (1994),Danielle Collins,"Patricia Reynolds, Robert Hogan, Charles Davies",Crime|Drama|Thriller,10,1994
Apollo 13 (1995),Elizabeth Todd,"Eric Blair, Elizabeth Cunningham, Danielle Wong",Adventure|Drama|IMAX,8,1995
Rob Roy (1995),Sean Johnson MD,"Richard Johnson, Jessica Gray, Elizabeth Vasquez",Action|Drama|Romance|War,10,1995
"Addiction, The (1995)",Jennifer Russell,"Johnny Castillo, Anna Rose, Johnny Garcia",Drama|Horror,5,1995
Batman Forever (1995),Seth Wood,"Mark Lynch, Rebekah Avila, Eric Johnson",Action|Adventure|Comedy|Crime,7,1995
Beauty of the Day (Belle de jour) (1967),Nicholas Hill,"Donna Roberts, Randy Trujillo, Leslie Chen",Drama,10,1967
Beyond Rangoon (1995),Jennifer Fuller,"Jacqueline Norris, Clayton Ortiz, Stephanie Kennedy",Adventure|Drama|War,10,1995
Blue in the Face (1995),Jacob Wiggins,"Lauren Kelley, Scott Parsons, Melissa Morales",Comedy|Drama,8,1995
Canadian Bacon (1995),Robert Salazar,"Kevin Smith, Nicole Price, Morgan Wong",Comedy|War,7,1995
Casper (1995),Donald Rogers,"Matthew Lopez, Jason White, Danny Burke",Adventure|Children,2,1995
Clockers (1995),Nicole Adams,"Samantha Curry, Erik Harvey, Jason Shaw",Crime|Drama|Mystery,6,1995
Congo (1995),Andrew Robbins,"Kelly Austin, George Johnson, Lindsey Sherman",Action|Adventure|Mystery|Sci-Fi,9,1995
Crimson Tide (1995),Leslie Lee,"Jennifer Avila, Michelle Gibson, Richard Graves",Drama|Thriller|War,7,1995
Crumb (1994),Julie Fields,"Ashley Jackson PhD, Kimberly Burnett, Trevor Hernandez",Documentary,5,1994
Desperado (1995),James Johnston,"James Munoz, David Davis, Shelley Miller",Action|Romance|Western,8,1995
Devil in a Blue Dress (1995),Christy Davis,"Tyler Beck, Penny Garcia, Diana Roman",Crime|Film-Noir|Mystery|Thriller,5,1995
Die Hard: With a Vengeance (1995),Stephanie Thomas,"Joseph Shaffer, Eric Alexander, Samuel Flores",Action|Crime|Thriller,5,1995
"Doom Generation, The (1995)",Cassandra Dawson,"Lauren Brooks, Kelly Keller, Gregory Howard",Comedy|Crime|Drama,5,1995
Feast of July (1995),Kathy Tran,"Aaron Ross, Gregory Dyer, Kevin Mccoy",Drama,2,1995
First Knight (1995),James Kennedy,"Brent Collins, Andrew Warren, Tiffany Frank",Action|Drama|Romance,7,1995
Free Willy 2: The Adventure Home (1995),James Smith,"Colleen Kennedy, Dr. Melissa Snyder, Brian Mcintyre",Adventure|Children|Drama,4,1995
Hackers (1995),Amanda Richard,"Brandi Williams, Samuel Benjamin, Ms. Mary Dean DVM",Action|Adventure|Crime|Thriller,8,1995
Jeffrey (1995),Kathleen Frazier,"Alexandra Cobb, John Sweeney, Katherine Yates",Comedy|Drama,3,1995
Johnny Mnemonic (1995),Jason Hughes,"Anthony Waters, Chris Martin, Matthew Preston",Action|Sci-Fi|Thriller,2,1995
Judge Dredd (1995),Samantha Smith,"Lisa Clements, Scott Stone, Jared Herman",Action|Crime|Sci-Fi,2,1995
Jury Duty (1995),Katelyn Luna,"Darryl Torres, Kimberly Martinez, Pamela Thomas",Comedy,3,1995
Kids (1995),Kristi Combs,"Matthew Garcia, Andrew Vargas, Jasmine Dean",Drama,7,1995
Living in Oblivion (1995),Courtney Martin,"Jeffrey Lucas, Samuel Ewing, Penny Lopez",Comedy,2,1995
Lord of Illusions (1995),Daniel Thompson,"Andrew Berry, Jason Williams, Nancy Larson",Horror,6,1995
Love & Human Remains (1993),Andre Collins,"Heidi Hudson, Cheryl Holt, Christine Kennedy",Comedy|Drama,2,1993
Mad Love (1995),Lauren Cruz MD,"Jackie Martin DDS, Randy Cummings, Ashley Rodriguez",Drama|Romance,9,1995
Mallrats (1995),Elizabeth Smith,"Colleen Williams, Mrs. Ashlee Evans, Kevin Foley",Comedy|Romance,4,1995
Mighty Morphin Power Rangers: The Movie (1995),Adam Parker,"Vincent Solomon, Gabriel Obrien, Mark Hart",Action|Children,1,1995
Moonlight and Valentino (1995),Mallory Myers,"Ronald Martin, Kimberly Miller, William Tucker",Drama|Romance,4,1995
Mute Witness (1994),Kenneth Randolph,"Logan Roman, James Jennings, Jenna Obrien",Comedy|Horror|Thriller,6,1994
Nadja (1994),Megan Gonzalez,"Sandra Huber, Karla Schultz, Billy Shaw",Drama,7,1994
"Net, The (1995)",Alexandra Knox,"Denise George, Sean Cunningham, Jackie Pierce",Action|Crime|Thriller,2,1995
Nine Months (1995),Kevin Ramos,"Amanda Valdez, Judith Pham, Corey Watson",Comedy|Romance,3,1995
Party Girl (1995),Jeremy Orr,"Alex Roy, Brad Wheeler, Johnathan Harris",Comedy,8,1995
"Prophecy, The (1995)",John King,"Michael Lawrence, Theresa Massey, Kelsey Fox",Fantasy|Horror|Mystery,4,1995
Reckless (1995),Danielle Duke,"Matthew Marshall, Michelle Smith, Dana Rice",Comedy|Fantasy,9,1995
Safe (1995),Elizabeth Berry,"Megan Parks, Amy Allison, Andrea Terry",Thriller,9,1995
"Scarlet Letter, The (1995)",Austin Rios,"Travis King, Mark Cordova, Shawn Walker",Drama|Romance,4,1995
The Show (1995),Thomas Rogers,"Sharon Sullivan, Scott Levy, Debra Good",Documentary,4,1995
Showgirls (1995),Kristin Davis,"Kelly Chandler, Taylor Grant, Andre Nelson",Drama,2,1995
Smoke (1995),Nancy Soto,"Emily Steele, Nancy Brown, Adrian Adkins",Comedy|Drama,3,1995
Something to Talk About (1995),Ricky Cline,"Charles Parker, Cindy Craig, Michelle Williams",Comedy|Drama|Romance,4,1995
Species (1995),Gregory Smith,"Paula Bradley, Zachary Wong, Zachary Morton",Horror|Sci-Fi,7,1995
"Stars Fell on Henrietta, The (1995)",Christopher Clark,"Dan Meyer, Frank Joseph, Denise Bentley",Drama,2,1995
Strange Days (1995),Megan Green,"Roger Hughes, Angela White, Emily Cohen",Action|Crime|Drama|Mystery|Sci-Fi|Thriller,2,1995
"Umbrellas of Cherbourg, The (Parapluies de Cherbourg, Les) (1964)",Sherri Ellis,"Joshua Stanley, Daniel Griffith, Andrew Carter",Drama|Musical|Romance,9,1964
"Tie That Binds, The (1995)",Bruce Gibson,"Stephen Nelson, David Nielsen, Michael Coleman",Thriller,6,1995
Three Wishes (1995),Angela Jones,"Jose Martin, Cory Johnson, Rachel Lopez",Drama|Fantasy,10,1995
Total Eclipse (1995),Louis Liu,"Roy Solis, William Wright, Michele Vasquez",Drama|Romance,1,1995
"To Wong Foo, Thanks for Everything! Julie Newmar (1995)",Martin Elliott,"Adam Bennett, Kathryn Clark, Stephen Welch",Comedy,9,1995
Under Siege 2: Dark Territory (1995),Benjamin Carson,"Christian Estrada, Ashley Riley, Sharon Soto",Action,5,1995
Unstrung Heroes (1995),Pamela Martinez,"Debra Barron, Kathy Price, Martha Welch",Comedy|Drama,1,1995
Unzipped (1995),Eric Arnold,"Taylor Watts, Chelsea Suarez, Patrick Price",Documentary,1,1995
"Walk in the Clouds, A (1995)",Amy Gibbs,"Susan Mason, Joseph Hawkins, Tara Gonzalez",Drama|Romance,1,1995
Waterworld (1995),Lisa Craig,"Jeremy Moses, Diana Schaefer, Andrew Maldonado",Action|Adventure|Sci-Fi,1,1995
White Man's Burden (1995),Beth Davis,"Jonathan Alexander, Tammy Gordon, Kyle Flores",Drama,5,1995
Wild Bill (1995),Kyle West,"Eric Bradley, Karla Abbott, Kerry Pierce",Western,9,1995
"Browning Version, The (1994)",Tara Reese,"Brian French, Edward Martin, Thomas Mckenzie",Drama,1,1994
Bushwhacked (1995),Rebecca Harrison,"Anthony Nguyen, Joshua Cole, Jamie Smith DVM",Adventure|Comedy|Crime|Mystery,8,1995
Burnt by the Sun (Utomlyonnye solntsem) (1994),Jennifer Park,"Corey Clark, Shawn Love, Jon Camacho",Drama,1,1994
Before the Rain (Pred dozhdot) (1994),Stephen Owens,"Matthew Walter, Megan Mclaughlin, Monica Oneal",Drama|War,5,1994
Before Sunrise (1995),Michael Melton,"Nicholas Francis, Susan Alvarez, Rebecca Gardner",Drama|Romance,10,1995
Billy Madison (1995),Briana Diaz,"Jose Smith, Dakota Miller, Amanda Powell",Comedy,8,1995
"Babysitter, The (1995)",Cheryl Archer,"Brandy Edwards, Erin Harvey, Veronica Holloway",Drama|Thriller,2,1995
Boys on the Side (1995),David Campbell,"Sarah Smith, Linda Hernandez, Kimberly Weaver",Comedy|Drama,3,1995
"Cure, The (1995)",Richard Miller,"Latoya Jones, Kelly King, Joseph Chandler",Drama,8,1995
Castle Freak (1995),Kathryn Turner,"Leonard Ibarra, Christopher Gonzalez, Alan Wise",Horror,2,1995
Circle of Friends (1995),Jennifer Gutierrez,"Victor Hess, Ruben Harris, Curtis Davis",Drama|Romance,2,1995
Clerks (1994),Gail Wilson,"Matthew Ellis, Joseph Faulkner, Alexa Wiley",Comedy,1,1994
Don Juan DeMarco (1995),Susan Ross,"Nathaniel Lambert, Samantha Little, Mr. Gary Hawkins Jr.",Comedy|Drama|Romance,7,1995
Disclosure (1994),Nathan Vasquez,"Erica Small, Alisha Gregory, Karla Stark",Drama|Thriller,5,1994
Dream Man (1995),Michael Browning,"Michelle Blankenship, Darlene Tran, Joseph Nelson",Thriller,9,1995
Drop Zone (1994),Jennifer Simmons,"Michelle Sanchez, David Jackson, Michele Bridges",Action|Thriller,10,1994
Destiny Turns on the Radio (1995),Derek Griffith,"Cynthia Stewart, Benjamin Frazier, Dawn Ruiz",Comedy,5,1995
Death and the Maiden (1994),Alexis Norris,"Wanda Mcmillan, Shane Harrison, Mrs. Sheryl Bennett",Drama|Thriller,3,1994
Dolores Claiborne (1995),Tiffany Olsen,"Nichole Allen, Joshua Stuart, Timothy Rodriguez",Drama|Thriller,8,1995
Dumb & Dumber (Dumb and Dumber) (1994),Mr. Robert Rollins PhD,"Willie Jefferson, Sharon Cochran, Zachary Abbott",Adventure|Comedy,7,1994
Eat Drink Man Woman (Yin shi nan nu) (1994),Shawn Long,"Joseph Savage, Catherine Silva, Timothy Jacobs",Comedy|Drama|Romance,3,1994
Exotica (1994),Edward Anderson,"Stephen Moore, Charlotte Watkins, Kenneth Mckinney",Drama,10,1994
Exit to Eden (1994),Shelby Anderson,"Gina Sparks, Kelly Hernandez, Joseph Esparza",Comedy,1,1994
Ed Wood (1994),Luke Tran,"Amber West, Brooke Phillips, Daniel Nelson",Comedy|Drama,10,1994
French Kiss (1995),John Thompson,"Mackenzie Simmons MD, Adam House, Craig Morrison",Action|Comedy|Romance,4,1995
Forget Paris (1995),John Lane,"Ashley Davis, John Woodward, Dr. Breanna Turner",Comedy|Romance,2,1995
Far From Home: The Adventures of Yellow Dog (1995),Erin Tucker,"Emma Nixon, Heidi Dunlap, Nichole Perez",Adventure|Children,4,1995
"Goofy Movie, A (1995)",David Leonard,"Brian Christian, Teresa Willis, Susan Gilbert",Animation|Children|Comedy|Romance,5,1995
Hideaway (1995),Julie Sutton,"Isaac Ramos, David Smith, Jesse Valenzuela",Thriller,3,1995
Fluke (1995),Joseph Carey,"Grace Hansen DVM, Darin Wilson, Brian Brown",Children|Drama,2,1995
Farinelli: il castrato (1994),Heather Washington MD,"Benjamin Bullock, Kimberly Johnson DVM, Carol Johnson",Drama|Musical,3,1994
Gordy (1995),Sandra Mcgee,"Daniel Perez, William Haney, Jamie Perkins",Children|Comedy|Fantasy,10,1995
Gumby: The Movie (1995),Keith Baldwin,"Cheryl Perkins, Matthew Castro, Robert Dillon",Animation|Children,1,1995
The Glass Shield (1994),Kelli Gonzales,"Chad Smith, Ellen Nielsen, Lori Jenkins",Crime|Drama,6,1994
Hoop Dreams (1994),Ryan Martinez,"Megan Osborne, Michael Carlson, Amy Mendez",Documentary,4,1994
Heavenly Creatures (1994),Jason Thompson,"Nicholas Ross, Cynthia Barnes, William Gonzalez",Crime|Drama,8,1994
Houseguest (1994),Jessica Reynolds,"Amanda Santiago, Curtis Aguilar, Cameron Davis",Comedy,10,1994
Immortal Beloved (1994),Kathleen Barnes,"Mike Manning, David Mosley, Connie Martinez",Drama|Romance,5,1994
Heavyweights (Heavy Weights) (1995),Nathan Singh,"Erin Morgan, Kevin Alvarado, Deborah Clark",Children|Comedy,4,1995
"Hunted, The (1995)",Michael Huff,"Timothy Thomas, Tanya Best, Joel Thomas",Action,2,1995
I.Q. (1994),Kelly Riddle,"Sara Thompson, William Lloyd, Tony Carter",Comedy|Romance,5,1994
Interview with the Vampire: The Vampire Chronicles (1994),Michael Wood,"Amy Jones, Caleb Webster, David Clay",Drama|Horror,2,1994
Jefferson in Paris (1995),Shannon Kelley,"Heather Reyes, Jocelyn Lin, Amanda Ryan",Drama,1,1995
"Jerky Boys, The (1995)",Jessica Johnson,"Shannon Berry, Diana Vasquez, Sydney Krueger",Comedy,8,1995
Junior (1994),Eric Trujillo,"Brianna Marsh, Mark Gibbs, Stacey Anderson",Comedy|Sci-Fi,2,1994
Just Cause (1995),Sandra Clark,"Jennifer Jensen, Zachary Williams, Jocelyn Jimenez",Mystery|Thriller,4,1995
"Kid in King Arthur's Court, A (1995)",Amanda Davis,"Michael May, Jerry Alexander, Theresa Hanson PhD",Adventure|Children|Comedy|Fantasy|Romance,4,1995
Kiss of Death (1995),Brandi Ferguson,"Samantha Mack, Jacqueline Christensen, Benjamin Smith",Crime|Drama|Thriller,8,1995
Star Wars: Episode IV - A New Hope (1977),Kevin Odonnell,"Lawrence Duncan, Brandon Fowler, Christian Chen",Action|Adventure|Sci-Fi,4,1977
Little Women (1994),Alison Ramirez,"Shannon Brown, Barry Crawford, Jeffery Robinson",Drama,4,1994
"Little Princess, A (1995)",Cory Rodriguez,"Mr. David Collins PhD, Stacie Smith, Becky Stokes",Children|Drama,7,1995
Ladybird Ladybird (1994),Christina Howard,"Cindy Alvarado, Derrick Wilson, Jennifer Evans",Drama,3,1994
"Enfer, L' (1994)",Franklin Taylor,"Misty Watson, Debra Lewis, John Rivers",Drama,6,1994
Like Water for Chocolate (Como agua para chocolate) (1992),Matthew Martinez,"Jason Brown, Dr. John Peters, Patricia Allen",Drama|Fantasy|Romance,9,1992
Legends of the Fall (1994),Nicholas Ferguson,"Christina Jones, Tracy Flynn, Jennifer Spencer",Drama|Romance|War|Western,7,1994
Major Payne (1995),Jay Harris,"Stephanie Herrera, Craig Baldwin, Mark Williams",Comedy,1,1995
Little Odessa (1994),Anthony Reed,"Tracy Jones, Debbie Meyers, Lisa Lewis",Crime|Drama,2,1994
My Crazy Life (Mi vida loca) (1993),Kathryn Garrison,"Chad Reese, Amanda Gomez, Kevin Dixon",Drama,7,1993
Love Affair (1994),Scott Walker Jr.,"Christina Dunn, Kristina Walker, Mr. Robert Lowery DDS",Drama|Romance,3,1994
Losing Isaiah (1995),Thomas Lopez,"James Davis, Bryan Scott, Brian King",Drama,2,1995
"Madness of King George, The (1994)",Kathleen York,"Rhonda Bentley, Melvin Young, Vincent Williams",Comedy|Drama,4,1994
Mary Shelley's Frankenstein (Frankenstein) (1994),Brandon Carpenter,"Chelsea Ford, Andrea Brooks, Edwin Cobb Jr.",Drama|Horror|Sci-Fi,2,1994
Man of the House (1995),Michelle Stevens,"Amanda Hudson, Joshua Thornton, William Hernandez",Comedy,8,1995
Mixed Nuts (1994),Johnathan Byrd,"Isaac Matthews, Catherine Collins, Kathleen Moss",Comedy,3,1994
Milk Money (1994),David Branch,"Sandra Gray, Erika Roberts, Joseph Contreras",Comedy|Romance,5,1994
Miracle on 34th Street (1994),Marcus Mendoza,"Erik Harris, Michael Roberts, Joseph Chapman",Drama,9,1994
Miami Rhapsody (1995),Mark Sanchez,"Leroy Page, Katherine Martin, Lauren Taylor",Comedy,9,1995
My Family (1995),Bryan Patel,"Jennifer Chavez, Michele Vargas, Candice Sanford",Drama,4,1995
Murder in the First (1995),Christopher Hicks,"Troy Reynolds, Nancy Mcmahon, Kathleen Vargas",Drama|Thriller,2,1995
Nobody's Fool (1994),Jennifer Jones MD,"Leslie Ray, Dennis Schultz, Elizabeth Ruiz",Comedy|Drama|Romance,5,1994
Nell (1994),Maureen Pacheco,"Bryan Reyes, Jennifer Johnson, Madison Pope",Drama,2,1994
New Jersey Drive (1995),Janet Weiss,"Julie Mckay, Monica Byrd, Marie Bradshaw",Crime|Drama,1,1995
New York Cop (Nyû Yôku no koppu) (1993),Christine Duarte,"Michael Baker, Joshua Flores, Jorge Morrison",Action|Crime,10,1993
Beyond Bedlam (1993),Michael Boyd,"Anna Fletcher, Michael Hudson, Mark Davis",Drama|Horror,9,1993
Nemesis 2: Nebula (1995),Gregory Travis,"Sabrina Ramirez, Jaime Fuller, Dr. Christopher Garcia",Action|Sci-Fi|Thriller,4,1995
Nina Takes a Lover (1994),Vanessa Jones,"Xavier Turner, Ryan Sanchez, Jessica Harvey",Comedy|Romance,10,1994
Natural Born Killers (1994),Mrs. Melissa Ramirez DDS,"Bradley Martin, Katherine Randolph, Sean Fleming",Action|Crime|Thriller,5,1994
Only You (1994),Carrie Porter,"Laura Jacobs, Jamie Lee, Charles Frey",Comedy|Romance,4,1994
Once Were Warriors (1994),Jeremy Gregory,"Steven Schneider, Christopher Montoya, Tanya Miles",Crime|Drama,5,1994
Outbreak (1995),Sandra Lee,"Jeffrey Gibbs, Diana Cameron, Ryan Richards",Action|Drama|Sci-Fi|Thriller,4,1995
Léon: The Professional (a.k.a. The Professional) (Léon) (1994),Ashley Wright,"James Smith, Jennifer Guerrero, Natalie Ball",Action|Crime|Drama|Thriller,7,1994
"Perez Family, The (1995)",Melissa Mcdonald,"Barbara Bennett, Jacob Wagner, Patricia Thompson",Comedy|Romance,2,1995
"Pyromaniac's Love Story, A (1995)",Dr. Christopher Palmer,"Angelica Hill, Jason Brady, Whitney Zavala",Comedy|Romance,6,1995
Pulp Fiction (1994),Courtney Cox MD,"Dale Collins, Patricia Jimenez, Edward Stark",Comedy|Crime|Drama|Thriller,3,1994
Panther (1995),Alicia Cooke,"Teresa Young, Trevor Garrison, Jodi Hardin DDS",Drama,3,1995
Pushing Hands (Tui shou) (1992),Robert Ross,"Ariel Black, Shane Gray, Kimberly Davenport",Drama,10,1992
Priest (1994),Michael Hudson,"Tammy Robinson, Kevin Love, Samantha Carter",Drama,1,1994
Quiz Show (1994),Brittany Lynch,"Evan Johnson, Nicole Sanchez, William Richard",Drama,2,1994
Picture Bride (Bijo photo) (1994),Kimberly Daugherty,"Matthew Leonard, Jesse Marks, Carol Blake",Drama|Romance,6,1994
"Queen Margot (Reine Margot, La) (1994)",Emily Benton,"Trevor Adams, Nathan Norton, Matthew Powers",Drama|Romance,9,1994
"Quick and the Dead, The (1995)",Michael Ramos,"Crystal Oliver, Penny Howard, Jessica Todd",Action|Thriller|Western,1,1995
Roommates (1995),Nicole Armstrong,"Darlene Spencer, Kelly Castillo, Michael Brooks",Comedy|Drama,8,1995
Ready to Wear (Pret-A-Porter) (1994),Brian Holland,"Benjamin Cohen, Christine Cervantes, Samuel Ward",Comedy,6,1994
Three Colors: Red (Trois couleurs: Rouge) (1994),Jason Martinez,"James Mann, Ryan Lopez, Rebecca Sanders",Drama,2,1994
Three Colors: Blue (Trois couleurs: Bleu) (1993),Jessica Griffin,"Angela Sims, Kayla Vazquez, Lauren Maldonado",Drama,10,1993
Three Colors: White (Trzy kolory: Bialy) (1994),Michael Jacobs,"Christopher Garcia, Heather Sharp, Charles Wilson",Comedy|Drama,10,1994
"Red Firecracker, Green Firecracker (Pao Da Shuang Deng) (1994)",Mark Clark,"Jamie Thomas, William Walters, Judith Mahoney",Drama,9,1994
Rent-a-Kid (1995),Travis Ward,"Melissa Lucas, Bryan Johnson, Allison Lynn",Comedy,8,1995
Relative Fear (1994),Wesley Mccall,"Hayley Harris, Tyler Fletcher, Nicholas Stein",Horror|Thriller,5,1994
Stuart Saves His Family (1995),Gary Lucas,"Clarence Olson, Lisa Roberts, Madeline Little",Comedy,3,1995
"Swan Princess, The (1994)",Sarah Hawkins,"Denise Marsh, Patrick Perez, Amber Stone",Animation|Children,8,1994
"Secret of Roan Inish, The (1994)",Dr. Samantha Edwards,"Kathy Gonzalez, Jason Vasquez, Michael Dougherty",Children|Drama|Fantasy|Mystery,4,1994
"Specialist, The (1994)",Jason Vega,"Karen Hall, Amber Sanchez PhD, Jamie Johnston",Action|Drama|Thriller,3,1994
Stargate (1994),Albert Frye,"Allison Manning, Taylor Cooper, Lisa Morris",Action|Adventure|Sci-Fi,6,1994
"Santa Clause, The (1994)",Jennifer Perry,"Sarah Hernandez, Bradley Hernandez, Crystal Green",Comedy|Drama|Fantasy,2,1994
"Shawshank Redemption, The (1994)",Dennis Price,"Michael Brady, Lauren Williams, Juan Edwards",Crime|Drama,4,1994
Shallow Grave (1994),Andrew Higgins,"Nicole Lucero, John Morris, Jennifer Schmitt",Comedy|Drama|Thriller,1,1994
Suture (1993),Caitlyn Allen,"Jessica Tanner, Elizabeth Clark, Katherine Cooper",Film-Noir|Thriller,2,1993
Strawberry and Chocolate (Fresa y chocolate) (1993),Michael Snyder,"Samantha Wilson, Kayla Mooney, Alyssa Kelly",Drama,4,1993
Swimming with Sharks (1995),Joshua Johnson,"Ronald Smith, Sarah Figueroa, Amanda Krause",Comedy|Drama,3,1995
"Sum of Us, The (1994)",Jeremy Hernandez,"Mark Brown, Lori Larson, Teresa Harvey",Comedy|Drama,3,1994
National Lampoon's Senior Trip (1995),Ryan Murphy,"Andrew Osborn, Miss Monique Smith, Andrea Gordon",Comedy,2,1995
To Live (Huozhe) (1994),Julie Ryan,"Bridget Bishop, Mrs. Chloe Dawson, Dean Welch",Drama,5,1994
Tank Girl (1995),John Sanchez,"Kathleen Johnson, Raymond Carter, Mr. Donald Ibarra",Action|Comedy|Sci-Fi,10,1995
Tales from the Crypt Presents: Demon Knight (1995),Breanna Hernandez,"John Juarez, Kristin Pierce, Dr. Cody Cruz",Horror|Thriller,8,1995
Star Trek: Generations (1994),Jacob Hernandez,"John Thompson, Christopher Gutierrez, Amanda Sullivan",Adventure|Drama|Sci-Fi,5,1994
Tales from the Hood (1995),Cheryl Gonzalez,"Leah Flores, Ellen Stephens, Amber Adams",Action|Crime|Horror,4,1995
Tom & Viv (1994),Jonathan Anderson,"Rachel Mccoy, Mario Patterson, Jodi Webb",Drama,10,1994
Village of the Damned (1995),Tyler Mcdowell,"Leslie Grant, Matthew Gomez, Jennifer Fernandez",Horror|Sci-Fi,8,1995
Tommy Boy (1995),Richard Rogers,"Tasha Sims, Andrea Lopez, Kevin Foster",Comedy,9,1995
Vanya on 42nd Street (1994),Thomas Jackson,"Kevin Mack, Eduardo Boone, Anthony Wright",Drama,5,1994
Underneath (1995),Jessica Avila,"Catherine Johnson, Samantha Petty, Michael Ford",Mystery|Thriller,10,1995
"Walking Dead, The (1995)",Rebecca Patel,"Michele Dunn, Megan Morse, Brittany Fitzgerald",Drama|War,5,1995
What's Eating Gilbert Grape (1993),Dawn Steele,"John Becker, Daniel Orr, Duane Gray",Drama,10,1993
Virtuosity (1995),Luis Kim,"Tara Boyd, Jean Johnson, Ashley Griffin",Action|Sci-Fi|Thriller,3,1995
While You Were Sleeping (1995),Kimberly Morris PhD,"Richard Davis, Jeffrey Nelson, Johnny Harris",Comedy|Romance,2,1995
"War, The (1994)",Melanie Bright,"Lisa Ross, Mike Cunningham, Alison Green",Adventure|Drama|War,9,1994
Double Happiness (1994),Cassandra Warren,"Tammy Diaz, Franklin Maxwell, Roger Thompson",Drama,1,1994
Muriel's Wedding (1994),Elizabeth Deleon,"Austin Bender, Donald Decker, Michael Banks",Comedy,4,1994
"Baby-Sitters Club, The (1995)",Carolyn Gonzales,"Robert Henderson, Cynthia Johnson, Melissa Fritz",Children,1,1995
Ace Ventura: Pet Detective (1994),Samuel Rogers,"Kimberly Hernandez, Douglas Davis, Tonya Stephens",Comedy,6,1994
"Adventures of Priscilla, Queen of the Desert, The (1994)",Janice Martin,"Eric Soto, Thomas Manning, Eileen Wyatt",Comedy|Drama,6,1994
Backbeat (1993),Sarah Cook,"Erika James, Kimberly Decker, Carla Simmons",Drama|Musical,7,1993
Bitter Moon (1992),Luke Jones,"Amanda Atkinson, Brian Shaw, Nathan Banks",Drama|Film-Noir|Romance,5,1992
Bullets Over Broadway (1994),Mr. Joseph Stewart,"Christy Lopez, Mr. David King DVM, Terry Shelton",Comedy,9,1994
Clear and Present Danger (1994),Edward Hill,"Nicholas Contreras, Cassandra Doyle, Nicole Johnson",Action|Crime|Drama|Thriller,10,1994
"Client, The (1994)",Brittany Stephenson,"Willie Mckenzie, Justin Haney, Emily Vasquez",Drama|Mystery|Thriller,6,1994
"Corrina, Corrina (1994)",Cameron Lee,"Robert Callahan, Kim Lewis, Benjamin Gonzalez",Comedy|Drama|Romance,6,1994
Crooklyn (1994),Billy Mills,"Lisa Washington, Amanda Tucker, Kristin French",Comedy|Drama,1,1994
"Crow, The (1994)",Madison Torres,"Ryan Daniels, Debbie Phillips, Justin Henry",Action|Crime|Fantasy|Thriller,7,1994
Cobb (1994),Francisco Rodriguez,"Heather Bird, Cheryl Collins, Connor Medina",Drama,8,1994
"Flintstones, The (1994)",Ray Edwards,"Joyce Davis, Danielle Gardner, Pedro Davis",Children|Comedy|Fantasy,8,1994
Forrest Gump (1994),Austin Pollard,"Jeffery Greene, George Turner, Lauren Lopez",Comedy|Drama|Romance|War,3,1994
Four Weddings and a Funeral (1994),Joshua Smith,"Angela Livingston, Vanessa Mclaughlin, Meghan Buck",Comedy|Romance,6,1994
Higher Learning (1995),Jon Graves,"Katrina Smith, Christine Mercer, Richard Lee",Drama,2,1995
I Like It Like That (1994),Clifford Rowe,"Yolanda Humphrey, Angela Curtis, Jake Valentine",Comedy|Drama|Romance,5,1994
I Love Trouble (1994),Alexander Stuart,"Stephanie Shields, David West, Patrick Evans",Action|Comedy,2,1994
It Could Happen to You (1994),Jaclyn Collins,"Christopher Bruce, Brian Hunter, Matthew Lam",Comedy|Drama|Romance,8,1994
"Jungle Book, The (1994)",Amanda Taylor,"James Colon, Jose Goodman, Sheri Bailey",Adventure|Children|Romance,4,1994
"Wonderful, Horrible Life of Leni Riefenstahl, The (Macht der Bilder: Leni Riefenstahl, Die) (1993)",Allison Cooper,"Sarah Wilson, Jeremy Baldwin, Jeffrey Gray",Documentary,7,1993
"Lion King, The (1994)",Deanna Garza,"Crystal Ruiz, Douglas Neal, Erica Frank",Adventure|Animation|Children|Drama|Musical|IMAX,5,1994
Little Buddha (1993),Susan Blair,"Jack Wilkinson, Sarah Allen, Tiffany Davis",Drama,5,1993
"Wes Craven's New Nightmare (Nightmare on Elm Street Part 7: Freddy's Finale, A) (1994)",Rhonda Galloway,"Timothy Mcclure, Stephanie Bryant, Matthew Adams",Drama|Horror|Mystery|Thriller,5,1994
"Mask, The (1994)",Jesse Hamilton DDS,"Adam Wilson, Gabriel Bonilla, Sherri Allen",Action|Comedy|Crime|Fantasy,2,1994
Maverick (1994),Richard Beard,"Patricia Roberts, Teresa Thompson, Michael Bowman",Adventure|Comedy|Western,1,1994
Mrs. Parker and the Vicious Circle (1994),Peter Caldwell,"Caitlin Miller, Randall Neal DVM, Jesus Moses",Drama,4,1994
Naked Gun 33 1/3: The Final Insult (1994),Miss Wendy Jackson,"Aimee Guzman, Bradley Miller, Richard Oconnor",Action|Comedy,5,1994
"Paper, The (1994)",Jonathon Martinez,"Richard Velasquez, Shannon Alvarado, Adrienne Lawson",Comedy|Drama,10,1994
Reality Bites (1994),Amy Thompson,"Stephen Hammond, Lisa Lawrence, Mr. Cody Jackson",Comedy|Drama|Romance,9,1994
Red Rock West (1992),Connie Williams,"Andrew Richard, Allison Brooks, Daniel Carroll",Thriller,4,1992
Richie Rich (1994),Amy Hayden,"Michael White, Lucas Meyer, Mr. Keith Blackburn",Children|Comedy,4,1994
Safe Passage (1994),Gary Hamilton,"Thomas Martinez, James Martinez, Michelle Copeland",Drama,3,1994
"River Wild, The (1994)",Mr. James Fox,"Keith Kidd, Benjamin Fuller, Kimberly Owens",Action|Thriller,4,1994
Speed (1994),Christopher Stewart,"Natalie Calhoun, Cynthia Thomas, Phyllis Fry",Action|Romance|Thriller,2,1994
Speechless (1994),Dawn Smith MD,"Leslie Collins, Dr. Rebecca Christian, Elizabeth Roman",Comedy|Romance,10,1994
Timecop (1994),Diamond Warner,"Nicole Nichols, Ashley Ford, Kathleen Le",Action|Sci-Fi|Thriller,6,1994
True Lies (1994),John Wong,"Suzanne Thompson, Andrea Andrews, Steven Bowen",Action|Adventure|Comedy|Romance|Thriller,7,1994
When a Man Loves a Woman (1994),Natasha Davis,"Lacey Zhang, Rebecca Burch, Kevin Morgan",Drama|Romance,9,1994
Wolf (1994),Marissa Vargas,"Kylie White, Michelle Daniel, Mikayla Murphy",Drama|Horror|Romance|Thriller,2,1994
Wyatt Earp (1994),Kathleen Burns,"Rebecca Oconnor, Carla Barber, Joanna Phillips",Western,2,1994
Bad Company (1995),Megan Becker,"William Harrington, Albert Stafford, Charlotte Stuart",Action|Crime|Drama,9,1995
"Man of No Importance, A (1994)",Nicholas Clark,"James Scott, Eric Wilson, Madison Woods",Drama,1,1994
S.F.W. (1994),Mr. Brett Black,"Meagan West, Jared Jenkins, Tina Berry",Drama,8,1994
"Low Down Dirty Shame, A (1994)",Charles Patton,"Pamela Johnson, Drew Harris, Lindsey Barber",Action|Comedy,10,1994
Boys Life (1995),John Black,"Dillon Woods, Rebecca Alvarado, Matthew Wheeler",Drama,1,1995
"Colonel Chabert, Le (1994)",Karen Flowers,"Brian Garrett, Kathryn Morales PhD, Mary Anderson",Drama|Romance|War,4,1994
Faster Pussycat! Kill! Kill! (1965),Ryan Rios,"Angela Braun, Christine Webster, Patrick Lewis",Action|Crime|Drama,6,1965
Jason's Lyric (1994),Craig Torres,"Troy Thomas, Nathan Smith, Frank Rivera",Crime|Drama,1,1994
"Secret Adventures of Tom Thumb, The (1993)",Stanley Dyer,"Michael Edwards, Dawn Williams, Makayla Austin",Adventure|Animation,6,1993
Street Fighter (1994),Tim Crawford,"John Davis, Sarah Bell, Richard Turner",Action|Adventure|Fantasy,2,1994
Coldblooded (1995),Jasmine Carey,"Jamie Carlson, Lindsay May, Cheryl Garcia",Comedy,2,1995
Desert Winds (1995),Mary Stephens,"April Thomas, Helen Yates, Kimberly Lambert",Drama|Fantasy|Romance,1,1995
Fall Time (1995),Julia Vargas,"Peter Wilcox, Christopher Nicholson, Richard Smith",Drama,7,1995
"Fear, The (1995)",Anna Wilkins,"Michael Krause DVM, Kimberly Brown, Alexandra Evans",Horror,5,1995
Frank and Ollie (1995),Kyle Tanner,"Brian Miller, Ricardo Carter, Jacob Lane",Documentary,9,1995
Girl in the Cadillac (1995),Kristin Erickson,"Tyler Williams, Beverly Parker, Steve Abbott",Drama,9,1995
Homage (1995),Richard Henderson,"James Stein, Eric Jones, Robert Morse",Drama,2,1995
Mirage (1995),Jennifer Colon,"Amber Garcia, Julie Spencer, Jose Davis",Action|Thriller,10,1995
Open Season (1996),Nicholas Smith,"Edwin Liu, Steven Williams, John Gray",Comedy,4,1996
Two Crimes (Dos crímenes) (1995),Taylor Brooks,"Jennifer Hale, Joseph Craig, Miranda Anderson",Comedy|Crime|Drama,3,1995
Brother Minister: The Assassination of Malcolm X (1994),Paul Buckley,"Bryan Flynn, Karen Roth, Raymond Anderson",Documentary,8,1994
Highlander III: The Sorcerer (a.k.a. Highlander: The Final Dimension) (1994),Briana Jackson,"Kimberly Horn, Marisa Sanders, Stanley Burch",Action|Fantasy,4,1994
Federal Hill (1994),Linda Christian,"Robin Smith, Kristi Schwartz, Paul Wiley",Drama,6,1994
In the Mouth of Madness (1995),David Brown,"Tonya Ramirez, Cynthia Cook, Kevin Matthews",Horror|Thriller,7,1995
8 Seconds (1994),Tyler Blackburn,"Kristi Bailey, Robin Carter, Ashley Butler",Drama,10,1994
Above the Rim (1994),Erica West,"Laura White, Sara Perez, Paige Nelson",Crime|Drama,8,1994
Addams Family Values (1993),Mitchell Mckinney,"Amy Rodriguez, Jody Buchanan, Mrs. Ashley Ruiz DVM",Children|Comedy|Fantasy,4,1993
Martin Lawrence: You So Crazy (1994),Erica Manning,"Carol Pratt, Stephen Moore, Amy Russo",Comedy|Documentary,6,1994
"Age of Innocence, The (1993)",Heidi Joseph,"Charles Shaw II, Catherine Ross, David Kelly",Drama,3,1993
Airheads (1994),Joshua Powell,"Debra Lopez, Mary Hicks, Anthony Thomas",Comedy,5,1994
"Air Up There, The (1994)",Maria Avila,"Jamie Ross, Ryan Gallegos, Christopher Hodge",Comedy,8,1994
Another Stakeout (1993),Danielle Dixon,"Eric Wright, Deanna Glenn, Donald Wilson",Comedy|Thriller,9,1993
Bad Girls (1994),Allen Horton,"Eric Valenzuela, Gregory Smith, John Turner",Western,3,1994
Barcelona (1994),Monica Rogers,"Lori Vaughn, Mary Navarro, Michelle Mayer",Comedy|Romance,4,1994
Being Human (1993),Evan Rollins,"Joy Obrien, Jason Nelson, Manuel Chambers",Drama,8,1993
"Beverly Hillbillies, The (1993)",Jeremy Davis,"Angela Warner, Ryan Mitchell, George Collins",Comedy,6,1993
Beverly Hills Cop III (1994),Brian King,"Leah Franklin, Tamara Warner, Thomas Banks",Action|Comedy|Crime|Thriller,2,1994
Black Beauty (1994),Scott Young,"Gary Norris, Tina Green, Jared Phillips",Adventure|Children|Drama,5,1994
Blink (1994),Nathaniel Jones,"Mary Lawrence, Stephanie Arellano, Antonio Vargas",Thriller,3,1994
Blown Away (1994),Monica Sanders,"Sara Lopez, Tracey Welch, Mark Wilson",Action|Thriller,6,1994
Blue Chips (1994),David Anderson,"Rachel Cuevas, Angela Lewis, Paul Miller",Drama,3,1994
Blue Sky (1994),Regina Bowman,"Erin Cox, Russell Walker, Christopher Sandoval",Drama|Romance,5,1994
Body Snatchers (1993),Mark Munoz,"Eric Hamilton, Alan Beard, Robert Coleman",Horror|Sci-Fi|Thriller,5,1993
Boxing Helena (1993),Mrs. Alexa Li MD,"Angela Taylor, Steven Curtis, Tracy Jimenez",Drama|Mystery|Romance|Thriller,9,1993
"Bronx Tale, A (1993)",Gregory Zamora,"Stephanie Clark, Mary Walls, Matthew Anderson",Drama,9,1993
Cabin Boy (1994),Tammy Roberts,"Darren Myers, Timothy Trujillo, Brett Jackson",Comedy,5,1994
Calendar Girl (1993),Kyle Young,"Julie Clark, Rachel Johnson, Eric Rodriguez",Comedy|Drama,4,1993
Carlito's Way (1993),Brandon Hawkins,"Annette Jackson, Matthew Parrish, Nicholas Clark",Crime|Drama,2,1993
City Slickers II: The Legend of Curly's Gold (1994),Lori Bruce,"Gregory Gordon, Scott Mitchell, Alicia Collins",Adventure|Comedy|Western,9,1994
Clean Slate (1994),Anthony Jones,"Logan Arnold, Yvonne Velez, Krystal Beard",Comedy,3,1994
Cliffhanger (1993),Michael Smith,"Charles Perry, James Harris, John Thomas",Action|Adventure|Thriller,9,1993
Coneheads (1993),Ronald Clark,"Elizabeth Wheeler, Barbara Bowen, William Zimmerman",Comedy|Sci-Fi,8,1993
Color of Night (1994),Daryl Bishop,"Luis Vargas, Timothy Riley, Laura Little",Drama|Thriller,2,1994
Cops and Robbersons (1994),Ryan Sanders,"Danielle Phillips, Christy Lozano, Valerie Mathis",Comedy,9,1994
"Cowboy Way, The (1994)",Danielle Wells,"Karen Peterson, Laurie Harvey, Luke Brown",Action|Comedy|Drama,5,1994
Dangerous Game (1993),Elizabeth Morse,"Joseph Watkins, Amanda Matthews, Sarah Bowen",Drama,6,1993
Dave (1993),Kayla Jones,"Brandon Morris, Matthew Dyer, Jessica Alvarez",Comedy|Romance,4,1993
Dazed and Confused (1993),Erin Scott,"Jessica Ortega, Stephen Rogers, David Haynes",Comedy,8,1993
Demolition Man (1993),Jenny Mathis,"Cynthia Lawrence, Aaron Bush, Tammy Perry",Action|Adventure|Sci-Fi,2,1993
"Endless Summer 2, The (1994)",James Hill,"Andrew Ortiz, Sarah Hansen, Bradley Luna",Adventure|Documentary,7,1994
Even Cowgirls Get the Blues (1993),Derek Sandoval,"Ronald Knox, Brady Saunders, Teresa Clayton",Comedy|Romance,1,1993
Fatal Instinct (1993),Jeremy Matthews,"Ashley Harmon, Tyler Orr, Tracy Dalton",Comedy,6,1993
Farewell My Concubine (Ba wang bie ji) (1993),John Davis MD,"Kristina Carpenter, Todd Weber, Dr. James Baker",Drama|Romance,5,1993
"Favor, The (1994)",Evan Smith,"Mario Smith, Carl Holmes, John Ramirez",Comedy|Romance,8,1994
Fearless (1993),Seth Jones,"Carol Hull, Joel Solis, Christopher Sanders",Drama,3,1993
Fear of a Black Hat (1994),Wendy Page,"Janet Weaver, Morgan Wright MD, Kelly Wilson",Comedy,10,1994
With Honors (1994),Terri Reed,"Ryan Brady, Alan Schwartz, Nathan Jackson",Comedy|Drama,2,1994
Flesh and Bone (1993),Patricia Taylor,"Kent Williams, Derek Curtis, Jennifer Valentine",Drama|Mystery|Romance,4,1993
Widows' Peak (1994),Patricia Lowe,"Jackie Taylor, Rachel Thomas, Joshua Rodriguez",Drama,7,1994
For Love or Money (1993),Lisa Newton DDS,"Christy Martinez, Andrew Bennett, Jay Brock",Comedy|Romance,10,1993
"Firm, The (1993)",Kelsey Anderson,"Joseph Palmer, Joseph Santiago, Scott Martinez",Drama|Thriller,7,1993
Free Willy (1993),Crystal Martin,"Gabrielle Castillo, Robin Cruz, Tina Clements",Adventure|Children|Drama,7,1993
Fresh (1994),Kevin Mathews,"Catherine Olsen, Carolyn Luna, Jacqueline Grant",Crime|Drama|Thriller,8,1994
"Fugitive, The (1993)",Dalton Norris,"Alyssa Sullivan, Frederick Parker, Julia Smith",Thriller,6,1993
Geronimo: An American Legend (1993),Arthur Garcia,"Elizabeth Smith, Barry Maynard, Heather Smith",Drama|Western,10,1993
"Getaway, The (1994)",Sharon Kaiser,"James Campbell, Richard Rodriguez, Kimberly Chen",Action|Adventure|Crime|Drama|Romance|Thriller,4,1994
Getting Even with Dad (1994),Shawn Morrison,"Charles Gibson, Elizabeth Lawson, Willie Gates",Comedy,10,1994
Go Fish (1994),Andrew Berger MD,"David Golden, Katherine Lee, John Avila",Drama|Romance,10,1994
"Good Man in Africa, A (1994)",Peter Alvarado,"Brian Flores, Alexander Walker, Gregory Garcia",Action|Adventure,9,1994
Guilty as Sin (1993),Dawn Joseph,"Denise Jones, Michael Perry, Lindsey King",Crime|Drama|Thriller,10,1993
Hard Target (1993),Jennifer Ortega,"Shannon Garcia, James Williams, Allen Lloyd",Action|Adventure|Crime|Thriller,8,1993
Heaven & Earth (1993),Carla Nelson,"Kim Williams, Lydia Webb, Dominic Mcneil",Action|Drama|War,10,1993
Hot Shots! Part Deux (1993),Roy Sawyer,"Stacie Williams, Adam Holland, Henry Lopez",Action|Comedy|War,7,1993
Live Nude Girls (1995),Mindy Castillo,"Kimberly Lee, Jennifer Ayala, Nicole Mejia",Comedy,8,1995
"Englishman Who Went Up a Hill But Came Down a Mountain, The (1995)",Annette Johnston PhD,"Amanda Wise, Sharon Stevens, Andre Acosta",Comedy|Romance,6,1995
"House of the Spirits, The (1993)",John Bryant,"Kathleen Delgado, Deborah Lee, Katherine Washington",Drama|Romance,5,1993
House Party 3 (1994),David Young,"Monica Irwin, Edwin Robinson, Nicole Jones",Comedy,4,1994
"Hudsucker Proxy, The (1994)",Kristy Day,"Kimberly Roach, Ryan Gates, Jennifer Mahoney",Comedy,9,1994
I'll Do Anything (1994),Jeffrey Morris,"Roberto Valdez, Kyle Lewis, Timothy Jennings",Comedy|Drama,2,1994
In the Army Now (1994),Joanne Salinas,"Christopher Jones, Jennifer Santana, Tara Norris",Comedy|War,7,1994
In the Line of Fire (1993),Joel Vaughan,"Pamela Watson, Debra George, Bobby Payne",Action|Thriller,10,1993
In the Name of the Father (1993),Tina Johnson,"Zachary Graham, Donna George, Stephanie Williams",Drama,8,1993
"Inkwell, The (1994)",Troy Chaney,"Amanda Kline, Michelle Hale, Susan Powell",Comedy|Drama,10,1994
What's Love Got to Do with It? (1993),Elizabeth Webb,"Jonathan Allen, Christina Mason, Brandy Todd",Drama|Musical,6,1993
Jimmy Hollywood (1994),Sara Miller,"Timothy Anderson, Marie Travis, Danielle Carlson",Comedy|Crime|Drama,9,1994
Judgment Night (1993),Andrew Foster,"Brittany Salazar, Lisa Rhodes, Timothy Bennett",Action|Crime|Thriller,2,1993
Jurassic Park (1993),Tabitha Atkinson,"Trevor Rodriguez, Peter Castro, Misty Diaz",Action|Adventure|Sci-Fi|Thriller,7,1993
Kalifornia (1993),Sherri Castro,"Dennis Flores, Patrick Vaughn, Jessica Thomas",Drama|Thriller,6,1993
Killing Zoe (1994),Antonio Ayala,"Adriana Wright, Michael Powell, Belinda Yates",Crime|Drama|Thriller,10,1994
King of the Hill (1993),Kristina Nelson,"Christian Jones, Michael Williams, David Edwards",Drama,7,1993
Lassie (1994),Elizabeth Lee,"Terri Sloan, Terry Smith, James Peterson",Adventure|Children,8,1994
Last Action Hero (1993),Jessica Hunter,"Chad Butler, Joshua Wood Jr., Kristin Jensen",Action|Adventure|Comedy|Fantasy,8,1993
Life with Mikey (1993),Austin Valenzuela,"Katrina Rodriguez, Erin Mendez, Michael Romero",Comedy,9,1993
Lightning Jack (1994),Vincent Hernandez,"Eric Boyd, Jeremy Kennedy, Clifford Roberts",Comedy|Western,3,1994
M. Butterfly (1993),Austin Willis,"Ronald Harris, Ronald Matthews, Tom West",Drama|Romance,5,1993
Made in America (1993),Maria Owens,"Joshua Riddle, Michael Adams, Rodney Chambers",Comedy,3,1993
Malice (1993),Julie Arnold,"Alfred Mccall PhD, Thomas Tucker, Allison Krause",Thriller,6,1993
"Man Without a Face, The (1993)",Michael Bishop,"Jason Petersen, Dennis Morris, Shawn Smith",Drama,3,1993
Manhattan Murder Mystery (1993),Robert Dillon,"Danielle Mejia, Timothy Beard, Nicholas Mcguire",Comedy|Mystery,6,1993
Menace II Society (1993),Julie Barber,"John Figueroa, Jared Kelly, Lindsey Alvarez",Action|Crime|Drama,5,1993
Executive Decision (1996),William Thompson,"Stacy Barber, Rebecca Flores, Rodney Mendoza",Action|Adventure|Thriller,6,1996
In the Realm of the Senses (Ai no corrida) (1976),Amy Jimenez,"Sandra White, Mr. Keith Hawkins, Heather Ortega",Drama,7,1976
What Happened Was... (1994),Lisa Barton,"Andre Gordon, James Shepherd, David Hernandez",Comedy|Drama|Romance|Thriller,2,1994
Much Ado About Nothing (1993),Andre Smith,"David Harris, Jennifer Sanchez, Colleen Jenkins",Comedy|Romance,9,1993
Mr. Jones (1993),Allison Martinez,"Samantha Nichols, Joseph Hamilton, Russell Brown",Drama|Romance,5,1993
Mr. Wonderful (1993),Alex Miles,"Andrew Holmes, Anita Snyder, Gabriela Reyes",Comedy|Romance,2,1993
Mrs. Doubtfire (1993),Andrew Morris,"James Mejia, Patricia Peterson, Sheila Fleming",Comedy|Drama,7,1993
Naked (1993),Elizabeth Marshall,"Anna Hansen, Amanda Haley, Anthony Hunter",Drama,2,1993
"Next Karate Kid, The (1994)",Matthew Ortiz,"Todd Figueroa, Dr. Christopher Miller, Eric Lee",Action|Children|Romance,1,1994
"New Age, The (1994)",Rhonda Hill,"Alexandria Carpenter, Ashley Schneider, John Pittman",Drama,7,1994
No Escape (1994),Deborah Spears,"Brandon Perez, Jennifer Parker, Christian Harmon",Action|Drama|Sci-Fi,5,1994
North (1994),Tammy Freeman,"Adam Jones, Dr. William Taylor, Erin Jensen",Comedy,7,1994
Orlando (1992),Theresa Edwards,"Frederick Phillips, Paul Richards, Bethany Henderson",Drama|Fantasy|Romance,8,1992
"Perfect World, A (1993)",Cynthia Lee,"Joseph Ortiz, Barry Santos, Julian Acosta",Crime|Drama|Thriller,9,1993
Philadelphia (1993),Jordan Martinez,"Jesse Rocha, Wanda Valdez, Matthew Villanueva",Drama,8,1993
"Piano, The (1993)",Nathan Morgan,"Susan Boyer, Lindsay Frost, Albert Cooper",Drama|Romance,5,1993
Poetic Justice (1993),Michelle Cook,"Julie Jones, Amanda Williams, Lindsey Parker",Drama,1,1993
"Program, The (1993)",Alex Smith,"Eric Robinson, Bailey Jordan, Sarah Jones",Action|Drama,10,1993
"Puppet Masters, The (1994)",Mrs. Stacy Brock,"Kelly Jackson, Danielle Dunlap, Latasha Nichols",Horror|Sci-Fi,8,1994
Radioland Murders (1994),Joseph Anderson,"Amber Adams, Debra Moody, Fred Roberts",Comedy|Mystery|Romance,1,1994
"Ref, The (1994)",Brittany Butler,"Louis Price, Lisa Jenkins, Ashley Pearson",Comedy,9,1994
"Remains of the Day, The (1993)",Luis Brown,"Jose Livingston, Linda Williams, Cynthia Bailey",Drama|Romance,7,1993
Renaissance Man (1994),Christine Murray,"Mr. James Morrow, Ruth Price, David Jones",Comedy|Drama,4,1994
Rising Sun (1993),Brittany Hughes,"Erika Shaw, Julie Bailey, Micheal Davis",Action|Drama|Mystery,8,1993
"Road to Wellville, The (1994)",Samantha Powell,"Jean Ibarra, Alexander Navarro, Edward Moss",Comedy,8,1994
RoboCop 3 (1993),Sharon Lane,"Amanda Griffin, Craig Adams, Carrie Graham",Action|Crime|Drama|Sci-Fi|Thriller,8,1993
Robin Hood: Men in Tights (1993),Tina Baker,"Robert Miranda, Jill Harmon, Stephanie Brooks",Comedy,9,1993
Romeo Is Bleeding (1993),Lisa Mckinney,"Stacey Kelly, Stephanie Weaver, Casey Lowery",Crime|Thriller,3,1993
Romper Stomper (1992),Adam Montoya DDS,"Robert Brown, Sandra Wright, Barry Edwards",Action|Drama,3,1992
Ruby in Paradise (1993),Jeffrey Miller,"Alison Pruitt, Luke Fernandez, Sharon Rodriguez",Drama,5,1993
Rudy (1993),Anthony Hartman,"Tony Bates, Mark Dickerson, Wayne Howard",Drama,4,1993
"Saint of Fort Washington, The (1993)",Cynthia Craig,"Shawn David, Lauren Meyer, Blake Romero",Drama,7,1993
"Savage Nights (Nuits fauves, Les) (1992)",Travis Ali,"Scott Johnson, Anna Harris, Alexander Simpson",Drama,8,1992
Schindler's List (1993),Anthony Davis,"Shelby Miller, Diana Hanson, Amy Cole",Drama|War,5,1993
"Scout, The (1994)",Matthew Chan,"Nancy Hamilton, Kelli Wright, Stacey Vargas",Comedy|Drama,3,1994
Searching for Bobby Fischer (1993),Jacqueline Stevens,"Bobby Berry, Alexandra Hunt, Jesse Munoz",Drama,6,1993
Second Best (1994),Shawn Wilson,"Matthew Gonzalez, Jordan Johnson, Melissa Robinson",Drama,9,1994
"Secret Garden, The (1993)",Angela Woods,"Elizabeth Cooper, Adrian Shaw, Alicia Phillips",Children|Drama,7,1993
Serial Mom (1994),Dominique Robinson DVM,"Shannon Gates, Sarah Osborne DDS, Rita Johnson",Comedy|Crime|Horror,6,1994
"Shadow, The (1994)",Colin Miller,"Jeffrey Rivers, Donna Stephens, Veronica Shannon",Action|Adventure|Fantasy|Mystery,9,1994
Shadowlands (1993),Michael Gordon,"Eric Watkins, Kylie Miller, Nathan Lawrence",Drama|Romance,2,1993
Short Cuts (1993),Connor Johnston,"Amy Trujillo, Angela Taylor, Donald Ramos",Drama,5,1993
"Simple Twist of Fate, A (1994)",Antonio Davis,"Paul Lewis, Beverly Marsh, Margaret Craig",Drama,4,1994
Sirens (1994),Tyler Cobb,"Marissa Peters, Ricardo Mueller, Michael Smith",Drama,5,1994
Six Degrees of Separation (1993),Kara Johnson,"Amy Wilson, Kelsey Gay, Benjamin Meyer",Drama,2,1993
Sleepless in Seattle (1993),Nicole Bright,"Brendan Green, Emily Martin, Jessica Willis",Comedy|Drama|Romance,1,1993
Sliver (1993),Emily Elliott,"Dan Cochran, Derek Harris, Jason Carroll",Thriller,1,1993
Blade Runner (1982),Zachary Cain,"Sheila Woodward, Richard Cain, Mr. Javier Owens",Action|Sci-Fi|Thriller,8,1982
Son in Law (1993),Eduardo Mosley,"Melissa Smith, Ricky Lyons, James Davis",Comedy|Drama|Romance,7,1993
